{
	 "skeleton": {
		 "ATTOVERCOG": [0.0,0.0,70.000000],
		 "root": [0.000000,0.000000,0.000000],
		 "Base": [0.000000,0.000000,0.000000],
		 "Pole1": [-13.000000,-13.000000,0.000000],
		 "Pole2": [13.000000,-13.000000,0.000000],
		 "Pole3": [0.000000,13.000000,0.000000]
	},
	"animation_root" : "file(animations)",
	"effects_root": "file(effects)"
}
